BJD,Flux,EAPFlux,Err,Flag,Spline
2457269.871083,3713.2690000000002,3713.02,8.885,0,1.0117770000000001
