BJD,Flux,EAPFlux,Err,Flag,Spline
2457223.18395,267.42,267.568,5.629,0,0.9972260000000001
2457273.9160169996,302.619,303.066,5.83,0,0.999152
