BJD,Flux,EAPFlux,Err,Flag,Spline
2457220.83506,10471.548,10479.433,7.832000000000001,0,1.0
2457275.306492,7186.722,7191.328,7.914,0,1.0
