BJD,Flux,EAPFlux,Err,Flag,Spline
2457255.385777,182.56799999999998,178.808,6.027,0,1.01032
2457255.406209,183.25599999999997,181.82299999999998,6.027,0,1.010359
