BJD,Flux,EAPFlux,Err,Flag,Spline
2457235.914115,1860.495,1840.1029999999998,6.4479999999999995,0,0.960015
