BJD,Flux,EAPFlux,Err,Flag,Spline
2457219.9560889998,359.147,359.144,6.4110000000000005,0,0.968266
