BJD,Flux,EAPFlux,Err,Flag,Spline
2457224.6151630003,2676.975,2675.039,7.665,0,0.965411
