BJD,Flux,EAPFlux,Err,Flag,Spline
2457243.167574,16641.0,16557.25,9.066,0,0.98893
2457261.454048,15384.171999999999,15435.354,9.067,0,1.002803
