BJD,Flux,EAPFlux,Err,Flag,Spline
2457289.914638,2136.063,2093.339,8.03,0,0.9973350000000001
