BJD,Flux,EAPFlux,Err,Flag,Spline
2457264.722646,8343.641,7908.182,8.361,0,1.000948
2457277.431142,10849.782,10955.883,8.595,0,1.0074459999999998
