BJD,Flux,EAPFlux,Err,Flag,Spline
2457249.766736,11087.388,11107.885,5.465,0,0.999395
2457264.53888,9648.126,12593.443000000001,5.582000000000001,0,1.002202
