BJD,Flux,EAPFlux,Err,Flag,Spline
2457232.787034,3536.515,3521.195,6.806,0,0.9973200000000001
2457237.69068,3704.492,3646.5290000000005,6.827999999999999,0,0.9965700000000001
