BJD,Flux,EAPFlux,Err,Flag,Spline
2457252.545205,1936.1989999999998,1933.193,5.529,0,1.0047979999999999
2457262.372852,1622.108,1630.582,5.566,0,0.998667
