BJD,Flux,EAPFlux,Err,Flag,Spline
2457240.162827,8365.168,8366.053,8.169,0,1.0
2457296.145765,9262.254,9272.855,8.984,0,1.0
