BJD,Flux,EAPFlux,Err,Flag,Spline
2457264.579237,1581.5339999999999,1316.316,9.498,0,1.0061
2457264.5996689997,1534.003,1268.785,9.495,0,1.0061309999999999
