BJD,Flux,EAPFlux,Err,Flag,Spline
2457277.144937,2440.874,2421.468,4.842,0,0.992502
