BJD,Flux,EAPFlux,Err,Flag,Spline
2457264.620343,4539.674,2617.933,6.388999999999999,0,1.0
