BJD,Flux,EAPFlux,Err,Flag,Spline
2457271.076582,2353.896,2334.552,4.418,0,1.0
2457294.103116,2162.319,2131.657,4.645,0,1.0
