BJD,Flux,EAPFlux,Err,Flag,Spline
2457264.681715,3210.8920000000003,2306.75,6.66,0,1.0
