BJD,Flux,EAPFlux,Err,Flag,Spline
2457265.498803,1374.4720000000002,1376.8629999999998,4.027,0,1.0
