BJD,Flux,EAPFlux,Err,Flag,Spline
2457223.715264,3360.116,3363.7070000000003,7.513,0,1.0
2457273.364479,3195.054,3200.1220000000003,7.82,0,1.0
