BJD,Flux,EAPFlux,Err,Flag,Spline
2457258.55216,6586.496,6629.303000000001,6.039,0,1.0
