BJD,Flux,EAPFlux,Err,Flag,Spline
2457262.577059,2321.06,2318.052,5.692,0,0.996892
2457278.8610900003,2351.779,2303.552,5.855,0,0.9936159999999999
