BJD,Flux,EAPFlux,Err,Flag,Spline
2457264.5786880003,3524.2729999999997,1493.8829999999998,10.83,0,1.0
2457264.5991189997,3396.821,1366.431,10.824000000000002,0,1.0
