BJD,Flux,EAPFlux,Err,Flag,Spline
2457264.048034,7111.388000000001,7121.335999999999,5.874,0,1.001383
2457272.384151,7077.986,7084.356,5.93,0,1.001796
