BJD,Flux,EAPFlux,Err,Flag,Spline
2457274.9992259997,2426.226,2442.514,4.933,0,0.994339
