BJD,Flux,EAPFlux,Err,Flag,Spline
2457243.9841759996,241.708,240.8,3.361,0,1.0661129999999999
