BJD,Flux,EAPFlux,Err,Flag,Spline
2457264.5183349997,3672.575,3214.453,5.715,0,1.0
2457264.5387669997,3580.048,3121.926,5.71,0,1.0
