BJD,Flux,EAPFlux,Err,Flag,Spline
2457264.599847,3368.1290000000004,1960.9660000000001,6.579,0,1.0
