BJD,Flux,EAPFlux,Err,Flag,Spline
2457219.036656,3105.9640000000004,3121.559,7.26,0,1.0044620000000002
2457242.594796,3056.236,3067.313,7.285,0,1.0022209999999998
