BJD,Flux,EAPFlux,Err,Flag,Spline
2457219.751803,9698.716999999999,9752.256,5.704,0,1.005236
