BJD,Flux,EAPFlux,Err,Flag,Spline
2457264.661193,3341.808,2510.218,5.183,0,1.0021440000000001
2457264.681624,3202.607,2371.0170000000003,5.175,0,1.002126
