BJD,Flux,EAPFlux,Err,Flag,Spline
2457220.05827,1167.722,1175.1889999999999,4.672,0,1.024835
2457264.59975,1501.0729999999999,767.166,4.762,0,0.9967090000000001
